Reference,Value,Footprint,Qty,DNP,LCSC,Order Qty,,Sets Number,5
C1,10uF,Capacitor_SMD:C_2220_5750Metric,1,,C13585 ,5,,,
C2,2.7nF,Capacitor_SMD:C_0805_2012Metric,1,,C2918070,5,,,
C3,100nF,Capacitor_SMD:C_0805_2012Metric,1,,C28233,5,,,
C4,39pF,Capacitor_SMD:C_0805_2012Metric,1,,C576897,5,,,
C5,47pF,Capacitor_SMD:C_0805_2012Metric,1,,C113821,5,,,
"C6,C7,C8",22 uF,Capacitor_SMD:C_2220_5750Metric,3,,C784103,15,,,
D1,SMF5V0A,Diode_SMD:D_SMF,1,,C42387343,5,,,
D2,GREEN,LED_SMD:LED_0805_2012Metric,1,,C5875740,5,,,
"J1,J2",Screw_Terminal_01x02,JL500-50802G01:CONN-TH_2P-P5.08_JL500-50002G01,2,,C709041,10,,,
"J3,J5",Conn_01x04_Male,Connector_JST:JST_PH_B4B-PH-K_1x04_P2.00mm_Vertical,2,,C131334,10,,,
J4,Conn_01x03_Male,Connector_JST:JST_PH_B3B-PH-K_1x03_P2.00mm_Vertical,1,,C131339,5,,,
L1,4.7uH,YSPI0724-4R7M:IND-SMD_L7.3-W6.6_YSPI07XX,1,,C22463813,5,,,
P1,Conn_02x20_Odd_Even,Connector_PinSocket_2.54mm:PinSocket_2x20_P2.54mm_Vertical,1,,C50982,5,,,
Q1,SUD50P10-43L-TP,Package_TO_SOT_SMD:TO-252-2,1,,C41408040,5,,,
Q2,DMG2305UX,ultralibDMG2305UX:DMG2305UX-7,1,,C508197,5,,,
"R1,R7,R10",47k,Resistor_SMD:R_0805_2012Metric,3,,C2989281,15,,,
R2,200k,Resistor_SMD:R_0805_2012Metric,1,,C728645,5,,,
R3,16k,Resistor_SMD:R_0805_2012Metric,1,,C865809,5,,,
R4,120k,Resistor_SMD:R_0805_2012Metric,1,,C865161,5,,,
R5,22.1k,Resistor_SMD:R_0805_2012Metric,1,,C2692772,5,,,
"R6,R9",10k,Resistor_SMD:R_0805_2012Metric,2,,C110775,10,,,
R8,150ohm,Resistor_SMD:R_0805_2012Metric,1,,C513734,5,,,
U1,AP64500,ultralibAP64500:AP64500SP-13,1,,C2070920,5,,,
U2,DMMT5401,DMMT5401easyeda:SOT-23-6_L2.9-W1.6-P0.95-LS2.8-BR,1,,C154733,5,,,
